x1,type,frame,x4,firerate,avg_dps,simple_dps,x1_mag_dps,x9,time_to_empty,simulated_total_damage,x1_mag_total_damage,magazine,reserves,body_shot_damage,head_shot_damage,x17,base_reload,x19,mags_to_empty,max_reload,reload_adjustor,calc_reload,calc_max
NA,Scout Rifle,Lightweight,NA,200,3318,3807,"4,060",NA,66,219264,18272,16,197,651,1142,NA,1.83,NA,12,NA,NA,NA,NA
NA,Scout Rifle,Precision,NA,180,3359,3888,"4,147",NA,68,228096,20736,16,182,811,1296,NA,2.15,NA,11,NA,NA,NA,NA
NA,Scout Rifle,Rapid Fire,NA,260,3352,4104,"4,397",NA,51,170460,14205,15,186,559,947,NA,1.83,NA,12,NA,NA,NA,NA
NA,Scout Rifle,High Impact,NA,150,3347,3931,"4,234",NA,112,374255,22015,14,242,897,1573,NA,2.44,NA,17,NA,NA,NA,NA
NA,w/ Perfect Fifth,Polaris Lance,NA,150,3785,4470,"3,748",NA,94,353984,19666,11,205,777,1363,NA,2.11,NA,18,NA,NA,NA,NA
NA,w/ Perfect Fifth,Dead Man's Tale,NA,120,4226,5415,"5,832",NA,135,568588,37906,14,213,1543,2708,NA,4.41,NA,15,NA,NA,NA,NA
NA,w/ Catalyst,Dead Man's Tale,NA,130,4476,5866,"6,318",NA,127,568588,37906,14,213,1543,2708,NA,4.41,NA,15,NA,NA,NA,NA
NA,Hipfire,SkyBurner's Oath,NA,200,2991,3533,"3,741",NA,64,190800,19080,18,192,1060,1060,NA,2.3699999999999997,NA,10,NA,NA,NA,NA
NA,ADS,Skyburner's Oath,NA,150,3206,3598,"3,809",NA,81,259020,25902,18,192,921,1439,NA,2.3699999999999997,NA,10,NA,NA,NA,NA
NA,Auto Rifle,Precision,NA,450,3369,4073,"4,204",NA,67,225888,17376,32,445,340,543,NA,1.85,NA,13,NA,NA,NA,NA
NA,Auto Rifle,High Impact,NA,360,3361,3993,"4,122",NA,89,298144,21296,32,463,416,666,NA,2.1,NA,14,NA,NA,NA,NA
NA,Auto Rifle,Adaptive,NA,600,3555,4300,"4,402",NA,83,295840,18490,43,688,269,430,NA,1.78,NA,16,NA,NA,NA,NA
NA,Auto Rifle,Rapid Fire,NA,720,3906,4542,"4,629",NA,72,280847,20061,53,756,254,379,NA,1.44,NA,14,NA,NA,NA,NA
NA,Max ROF,Sweet Business,NA,820,5430,6280,"6,322",NA,76,413550,68925,150,999,327,460,NA,3.58,NA,6,NA,NA,NA,NA
NA,Perfect RNG,Cerberus+1,NA,360,7097,8481,"8,764",NA,105,744915,43819,31,555,880,1414,NA,2.08,NA,17,NA,NA,NA,NA
NA,Perfect RNG,Vex Mythoclast,NA,390,6086,7144,"7,367",NA,83,507738,36267,33,462,668,1099,NA,1.86,NA,14,NA,NA,NA,NA
NA,Max ROF,Suros,NA,735,4391,5513,"5,670",NA,59,259200,16200,36,605,298,450,NA,1.48,NA,16,NA,NA,NA,NA
NA,Hand Cannon,Adaptive,NA,140,2724,3464,"3,849",NA,60,163295,14845,10,117,992,1485,NA,2.92,NA,11,NA,NA,NA,NA
NA,Hand Cannon,Aggressive,NA,120,2965,3843,"4,323",NA,76,224816,17294,9,122,1067,1922,NA,3.3099999999999996,NA,13,NA,NA,NA,NA
NA,Hand Cannon,Precision,NA,180,3025,3842,"4,191",NA,46,138294,15366,12,117,856,1281,NA,2.65,NA,9,NA,NA,NA,NA
NA,Hand Cannon,Double Fire,NA,120,2929,3921,"4,481",NA,75,219576,15684,8,117,1090,1961,NA,3.3299999999999996,NA,14,NA,NA,NA,NA
NA,w/ Fan Fire x4,The Last Word,NA,225,3965,5438,"6,214",NA,41,162400,11600,8,113,1067,1450,NA,1.9,NA,14,NA,NA,NA,NA
NA,w/ Fan Fire x4,Thorn,NA,140,4087,5347,"3,771",NA,66,268106,20624,9,123,897,1437,NA,2.92,NA,13,NA,NA,NA,NA
NA,w/ Fan Fire x4,Hawkmoon,NA,140,8979,10980,"12,549",NA,63,564704,37647,8,121,992,4706,NA,2.13,NA,15,NA,NA,NA,NA
NA,w/ Fan Fire x4,Crimson,NA,406,3250,4398,"4,590",NA,110,358800,15600,24,558,406,650,NA,2.44,NA,23,NA,NA,NA,NA
NA,vs. Taken,Malfeasance,NA,180,7766,9230,"4,874",NA,42,323033,46148,15,116,1014,1517,NA,2.48,NA,7,NA,NA,NA,NA
NA,Pulse Rifle,Adaptive,NA,390,2825,3246,"3,332",NA,69,194778,19478,39,420,312,499,NA,1.94,NA,10,NA,NA,NA,NA
NA,Pulse Rifle,High Impact,NA,340,2720,3281,"3,407",NA,92,250128,15633,27,432,362,579,NA,2.06,NA,16,NA,NA,NA,NA
NA,Pulse Rifle,Aggresive (4-Burst),NA,450,2744,3232,"3,315",NA,88,241312,17237,40,576,255,431,NA,1.94,NA,14,NA,NA,NA,NA
NA,Pulse Rifle,Rapid Fire,NA,540,2771,3285,"3,365",NA,50,137970,15330,42,414,230,365,NA,1.83,NA,9,NA,NA,NA,NA
NA,Pulse Rifle,Lightweight,NA,450,2573,3046,"3,141",NA,62,160805,13400,33,417,259,406,NA,1.71,NA,12,NA,NA,NA,NA
NA,Pulse Rifle,Graviton Lance,NA,257,2707,2984,"3,087",NA,100,271733,20903,30,417,459,697,NA,1.72,NA,13,NA,NA,NA,NA
NA,w/ Catalyst,No Time To Explain,NA,340,3687,4381,"3,412",NA,101,371126,18556,24,496,362,577,NA,1.71,NA,20,NA,NA,NA,NA
NA,w/ Catalyst,Vigilance Wing,NA,530,3602,4222,"4,309",NA,60,215100,23900,50,460,326,478,NA,2.04,NA,9,NA,NA,NA,NA
NA,SMG,Aggressive,NA,720,4591,6558,"6,792",NA,45,206031,15849,29,395,377,547,NA,2.02,NA,13,NA,NA,NA,NA
NA,SMG,Adaptive,NA,900,4300,6075,"6,265",NA,44,187110,13365,33,469,302,405,NA,1.75,NA,14,NA,NA,NA,NA
NA,SMG,Lightweight,NA,900,4663,6833,"7,028",NA,39,180378,16398,36,427,277,456,NA,2.17,NA,11,NA,NA,NA,NA
NA,SMG,Precision,NA,600,3875,5645,"5,871",NA,57,220155,14677,26,405,402,565,NA,2.3,NA,15,NA,NA,NA,NA
NA,SMG,Huckleberry,NA,720,4215,6558,"6,784",NA,58,245925,16395,30,459,377,547,NA,2.63,NA,15,NA,NA,NA,NA
NA,Ride the Bull x2,Huckleberry,NA,900,4813,8198,"8,480",NA,51,245925,16395,30,459,377,547,NA,2.63,NA,15,NA,NA,NA,NA
NA,Ride the Bull x2,Osteo Striga,NA,600,6114,8450,"8,763",NA,54,331240,23660,28,405,446,845,NA,2.1,NA,14,NA,NA,NA,NA
NA,Ravenous Beast,Tarrabah,NA,900,12250,15615,"16,153",NA,38,468450,31230,30,459,1033,1041,NA,1.1,NA,15,NA,NA,NA,NA
NA,Bow,Lightweight (640 ms),NA,58,NA,3265,<--,NA,70,229704,3378,1,68,2108,3378,NA,NA,NA,68,NA,NA,NA,NA
NA,Bow,Lightweight (680 ms),NA,55,NA,3097,<--,NA,74,229704,3378,1,68,2108,3378,NA,NA,NA,68,NA,NA,NA,NA
NA,Bow,Precision (760 ms),NA,48,NA,2967,<--,NA,85,252221,3709,1,68,2480,3709,NA,NA,NA,68,NA,NA,NA,NA
NA,Bow,Precision (680 ms),NA,52,NA,3215,<--,NA,78,252221,3709,1,68,2480,3709,NA,NA,NA,68,NA,NA,NA,NA
NA,Bow,Le Monarque,NA,44,NA,3969,<--,NA,90,357225,5413,1,66,2362,3533,NA,NA,NA,66,NA,NA,NA,NA
NA,vs. non-Taken,Wish Ender,NA,38,NA,4137,<--,NA,95,391952,6533,1,60,5119,6533,NA,NA,NA,60,NA,NA,NA,NA
NA,vs. Taken,Wish Ender,NA,38,NA,4551,<--,NA,95,431190,7187,1,60,5631,7187,NA,NA,NA,60,NA,NA,NA,NA
NA,Sidearm,Adaptive,NA,300,5137,6431,"6,891",NA,38,192937,19294,15,157,916,1286,NA,1.77,NA,10,NA,NA,NA,NA
NA,Sidearm,Adaptive (3-Burst),NA,491,5348,6673,"6,903",NA,69,366925,24462,30,479,488,815,NA,1.84,NA,15,NA,NA,NA,NA
NA,Sidearm,Omolon Adaptive,NA,491,5020,6355,"6,599",NA,71,356452,20968,27,473,485,777,NA,1.77,NA,17,NA,NA,NA,NA
NA,Sidearm,Precision,NA,260,4742,6193,"6,756",NA,43,205794,17150,12,146,1018,1429,NA,1.96,NA,12,NA,NA,NA,NA
NA,Sidearm,Lightweight,NA,360,5284,6645,"7,120",NA,28,149510,16612,15,142,789,1107,NA,1.52,NA,9,NA,NA,NA,NA
NA,Sidearm,Aggressive (2-Burst),NA,325,5331,6193,"6,423",NA,60,320151,32015,28,290,814,1143,NA,1.89,NA,10,NA,NA,NA,NA
NA,Sidearm,SUROS Rapid,NA,450,4881,6380,"6,835",NA,29,140353,12759,15,176,606,851,NA,1.37,NA,11,NA,NA,NA,NA
NA,Sidearm,Devil's Ruin,NA,300,4683,6125,"6,563",NA,43,202125,18375,15,172,873,1225,NA,2.06,NA,11,NA,NA,NA,NA
NA,Laser,Devil's Ruin,NA,471,7766,11814,"12,658",NA,32,248325,22575,15,172,1072,1505,NA,2.06,NA,11,NA,NA,NA,NA
NA,Rat Pack x5,Rat King,NA,600,9902,12863,"13,422",NA,22,216095,30871,24,184,916,1286,NA,1.59,NA,7,NA,NA,NA,NA
NA,G. Launcher,Fighting Lion (cata),NA,72,5256,9713,<---,NA,31,161883,8094,1,20,8094,8094,NA,1.84,NA,20,NA,NA,NA,NA
NA,Outbreak,Outbreak Perfected,NA,450,2549,3045,"3,132",NA,69,175374,14614,36,459,246,406,NA,1.94,NA,12,NA,NA,NA,NA
NA,Max Nanites*,Outbreak Perfected,NA,450,11470,13701,"14,093",NA,69,789182,65765,36,459,1109,1827,NA,1.94,NA,12,NA,NA,NA,NA
NA,Averaged**,Outbreak Perfected,NA,450,6145,7340,"7,550",NA,69,422810,35234,36,459,594,979,NA,1.94,NA,12,NA,NA,NA,NA
NA,Sniper Rifles,Aggressive,NA,72,8611,11191,"16,786",NA,16.25,139883,27977,3,17,3102,9326,NA,3.15,NA,5,1.978,1.172,1.89,NA
NA,Max Mag w/ TT,Aggressive,NA,72,10331,11191,"13,056",NA,18.96,195836,65279,5,17,3102,9326,NA,3.59,NA,3,1.978,1.612,2.154,NA
NA,Max Mag w/ TT,Adaptive,NA,90,8725,11398,"15,197",NA,13.93,121576,30394,4,16,2580,7599,NA,2.93,NA,4,1.978,0.952,1.758,NA
NA,Max Mag w/ TT,Adaptive,NA,90,10872,11398,"12,822",NA,13.98,151970,75985,7,16,2580,7599,NA,3.35,NA,2,1.978,1.372,2.01,NA
NA,Max Mag w/ FTTC,Adaptive,NA,90,10918,11398,"12,664",NA,15.31,167167,83584,7,16,2580,7599,NA,3.35,NA,2,1.978,1.372,2.01,NA
NA,Max Mag w/ FTTC,Rapid Fire,NA,140,9499,13445,#REF!,NA,9.1,86430,28810,5,18,887,5762,NA,2.75,NA,3,1.978,0.772,1.65,NA
NA,Max Mag w/ FTTC,Rapid Fire †,NA,140,10040,13445,"16,806",NA,8.61,86430,28810,5,18,1773,5762,NA,2.17,NA,3,1.733,0.437,1.302,NA
NA,Max Mag w/ TT,Rapid Fire,NA,140,16183,13445,#REF!,NA,7.12,115240,40334,7,18,887,5762,NA,3.11,NA,2,1.978,1.132,1.866,NA
NA,Max Mag w/ TT,Rapid Fire †,NA,140,12198,13445,"14,939",NA,9.45,115240,57620,7,18,1773,5762,NA,2.43,NA,2,1.733,0.697,1.458,NA
NA,Max Mag w/ FTTC,Rapid Fire †,NA,140,12302,13445,"15,125",NA,10.3,126764,63382,7,18,1773,5762,NA,2.43,NA,2,1.733,0.697,1.458,NA
NA,Max Mag w/ FTTC,Cloudstrike †,NA,140,15926,19784,"23,082",NA,11.18,178059,59353,7,24,1689,8479,NA,2.6,NA,3,1.733,0.867,1.56,NA
NA,Max Mag w/ FTTC,Izanagi's Burden,NA,90,12547,NA,-,NA,12.08,151565,30313,1,5,5160,30313,NA,3.02,NA,5,3.02,0,1.812,NA
NA,w/ catalyst,Izanagi's Burden,NA,90,15056,NA,-,NA,12.08,181880,36376,1,5,6192,36376,NA,3.02,NA,5,3.02,0,1.812,NA
NA,Shotguns,Rapid Fire,NA,140,9986,14538,#REF!,NA,13.1,130838,43613,7,24,2832,6230,NA,4.49,NA,3,3.143,1.347,2.694,NA
NA,Shotguns,Rapid Fire †,NA,140,12282,18104,"21,122",NA,13.27,162938,54313,7,24,7782,7759,NA,3.85,NA,3,2.776,1.074,2.31,NA
NA,Shotguns,Lightweight,NA,80,13168,15158,"18,189",NA,10.36,136418,68209,6,15,10342,11368,NA,4.13,NA,2,2.86,1.27,2.478,NA
NA,Shotguns,Precision,NA,65,10891,12826,"15,391",NA,19.57,213101,71034,6,18,10763,11839,NA,4.65,NA,3,2.86,1.79,2.79,NA
NA,Shotguns,Precision (Slug),NA,65,11894,12983,"15,579",NA,12.09,143808,71904,6,17,6828,11984,NA,4.45,NA,2,2.86,1.59,2.67,NA
NA,Shotguns,Aggressive,NA,55,11527,12651,"15,813",NA,17.96,207011,69004,5,16,12547,13801,NA,4.08,NA,3,2.434,1.646,2.448,NA
NA,Shotguns,Lord of Wolves,NA,640,15366,19435,"20,105",NA,14.23,218640,54660,30,120,1258,1822,NA,1.62,NA,4,1.118,0.502,0.972,NA
NA,Wolves released,Lord of Wolves,NA,722,17805,23200,"24,000",NA,12.99,231360,57840,30,120,1573,1928,NA,1.62,NA,4,1.118,0.502,0.972,NA
NA,Wolves released,Fourth Horseman,NA,360,25609,77058,"102,744",NA,8.02,205489,51372,4,16,11675,12843,NA,3.27,NA,4,2.008,1.262,1.962,NA
NA,w/ catalyst,Fourth Horseman,NA,360,30469,83704,"104,630",NA,6.87,209261,69754,5,16,12686,13951,NA,2.91,NA,3,2.434,0.476,1.746,NA
NA,w/ catalyst,Duality,NA,65,13074,12311,"14,773",NA,15.65,204552,68184,6,19,10260,11364,NA,2.6,NA,3,0.9,1.7,1.56,NA
NA,w/ catalyst,Duality (Slug),NA,65,15955,15025,"18,030",NA,15.65,249642,83214,6,19,7903,13869,NA,2.6,NA,3,0.9,1.7,1.56,NA
NA,w/ catalyst,The Chaperone,NA,65,11894,12983,"15,579",NA,12.09,143808,71904,6,17,6828,11984,NA,5.25,NA,2,2.86,2.39,3.15,NA
NA,Roadborne active,The Chaperone,NA,120,22382,29320,"35,184",NA,7.86,175920,87960,6,17,6828,14660,NA,3.6,NA,2,2.86,0.74,2.16,NA
NA,Grenade Launchers,Lightweight,NA,90,6241,14376,N/A,NA,29.18,182096,9584,1,19,9584,9584,NA,1.96,NA,19,1.621,0.339,1.176,NA
NA,Spike Grenades,Lightweight,NA,90,6779,15617,N/A,NA,29.18,197809,10411,1,19,9584,10411,NA,1.96,NA,19,1.621,0.339,1.176,NA
NA,Spike Grenades,Mountaintop,NA,90,9927,19552,#REF!,NA,24.95,247657,13035,1,19,19,13035,NA,1.98,goodbye,19,1.386,0.594,1.188,NA
NA,Spike Grenades,Witherhoard,NA,90,3601,NA,N/A,NA,205.8,740985,35285,1,21,35285,35285,NA,2.6,NA,21,1.621,0.979,1.56,NA
NA,Fusion Rifles,Adaptive,NA,46.33,9109,9881,"11,857",NA,16.86,153552,76776,6,16,12796,12796,NA,2.2,NA,2,1.317,0.883,1.32,NA
NA,Fusion Rifles,Precision,NA,43.64,8112,9148,"11,435",NA,23.26,188685,62895,5,15,12579,12579,NA,2.4,NA,3,1.317,1.083,1.44,NA
NA,Fusion Rifles,High Impact,NA,38.3,8917,9917,"12,396",NA,26.13,233025,77675,5,16,15535,15535,NA,2.6,NA,3,1.317,1.283,1.56,NA
NA,Fusion Rifles,Aggressive,NA,46.5,9677,10774,"12,929",NA,25.86,250236,83412,6,18,13902,13902,NA,2.5,NA,3,1.317,1.183,1.5,NA
NA,Fusion Rifles,Rapid Fire,NA,64.3,11224,12355,"14,414",NA,14.38,161406,80703,7,19,11529,11529,NA,1.98,NA,2,1.317,0.663,1.188,NA
NA,Fusion Rifles,Rapid Fire †,NA,52.86,9836,10651,#REF!,NA,17.21,169251,84625,7,19,6045,12089,NA,1.95,NA,2,1.317,0.633,1.17,NA
NA,Fusion Rifles,Jotunn,NA,44.12,9771,11033,"13,791",NA,23.03,225075,75025,5,17,15005,15005,NA,2.9,NA,3,1.317,1.583,1.74,NA
NA,Fusion Rifles,Bastion,NA,39.22,12171,13918,"18,557",NA,20.99,255528,85176,4,15,21294,21294,NA,2.2,NA,3,1.317,0.883,1.32,NA
NA,w/ catalyst,Telesto,NA,42.4,9675,10532,"12,288",NA,32.35,312963,104321,7,21,14903,14903,NA,1.61,NA,3,1.317,0.293,0.966,NA
NA,Averaged,Merciless,NA,75.25,14699,16216,"18,533",NA,14.07,206880,103440,8,14,12930,12930,NA,2.45,NA,2,1.317,1.133,1.47,NA
NA,Trace Rifles,Coldheart,NA,900,6332,7110,"7,181",NA,37.81,239370,47874,101,505,338,474,NA,2,NA,5,1.118,0.882,1.2,NA
NA,Max charge. Cata,Coldheart,NA,900,11394,12795,"12,923",NA,37.81,430765,86153,101,505,608,853,NA,2,NA,5,1.118,0.882,1.2,NA
NA,Max charge. Cata,Prometheus Lens,NA,900,7581,8565,"8,652",NA,45.19,342600,57100,100,600,452,571,NA,2.1,NA,6,1.118,0.982,1.26,NA
NA,w/ Debuff+Pen,Divinity,NA,900,8612,8940,"8,986",NA,26.85,231248,115624,194,447,NA,596,NA,1.73,NA,2,1.118,0.612,1.038,NA
NA,w/ Debuff+Pen,Ager's Scepter,NA,900,8657,9690,"9,791",NA,28.95,250648,62662,97,447,462,646,NA,1.7,NA,4,1.118,0.582,1.02,NA
NA,Catalyst Proc'd,Ager's Scepter,NA,900,19551,20295,"20,400",NA,26.85,524964,262482,194,447,847,1353,NA,1.7,NA,2,1.118,0.582,1.02,NA
NA,Catalyst Proc'd,Wavesplitter,NA,900,8510,9495,"9,591",NA,29.75,253200,63300,100,475,450,633,NA,1.73,NA,4,1.118,0.612,1.038,NA
NA,Orb Pickup,Wavesplitter,NA,900,10755,12000,"12,121",NA,29.75,320000,80000,100,475,570,800,NA,1.73,NA,4,1.118,0.612,1.038,NA
NA,Misc.,Special Linears,NA,55.98,11325,13412,"16,765",NA,25.39,287500,71875,5,20,4178,14375,NA,2.33,NA,4,1.317,1.013,1.398,NA
NA,Misc.,Forerunner,NA,200,10416,12890,"14,062",NA,26.73,278424,46404,12,72,967,3867,NA,1.17,NA,6,1.026,0.144,0.702,NA
NA,w/ First glance,Eriana's Vow,NA,90,11603,12456,"14,013",NA,19.32,224208,74736,9,30,5182,8304,NA,3.4,NA,3,1.662,1.738,2.04,NA
NA,assuming cata,Eriana's Vow,NA,90,8760,9404,"10,580",NA,19.32,169277,56426,9,30,3912,6270,NA,3.4,NA,3,1.662,1.738,2.04,NA
NA,assuming cata,NA,NA,NA,NA,NA,NA,NA,NA,NA,NA,NA,NA,NA,NA,NA,NA,NA,NA,NA,NA,NA,NA
NA,† - Rapid Fire bonus reload when empty is applied here,NA,NA,NA,NA,NA,NA,NA,NA,NA,NA,NA,NA,NA,NA,NA,NA,NA,NA,NA,NA,NA,NA
NA,† - Rapid Fire bonus reload when empty is applied here,NA,NA,NA,NA,NA,NA,NA,NA,NA,NA,NA,NA,NA,NA,NA,NA,NA,NA,NA,NA,NA,NA
NA,TT = Triple Tap.,NA,NA,NA,NA,NA,NA,NA,NA,NA,NA,NA,NA,NA,NA,NA,NA,NA,NA,NA,NA,NA,NA
NA,FTTC = Fourth Times The Charm,NA,NA,NA,NA,NA,NA,NA,NA,NA,NA,NA,NA,NA,NA,NA,NA,NA,NA,NA,NA,NA,NA
NA,Grenade Launcher,Adaptive,NA,120,18377,21914,"26,297",NA,7.16,131484,65742,6,15,10957,10957,NA,3.12,NA,2,2.155,0.965,NA,NA
NA,Spike Grenades,Adaptive,NA,120,20191,24078,"28,894",NA,7.16,144468,72234,6,15,12039,12039,NA,3.12,NA,2,2.155,0.965,NA,NA
NA,Spike Grenades,Precision,NA,100,14812,18255,"21,906",NA,13.31,197154,65718,6,20,10953,10953,NA,2.92,NA,3,2.155,0.765,NA,NA
NA,Spike Grenades,Precision,NA,100,17075,21043,"25,252",NA,13.31,227268,75756,6,20,12626,12626,NA,2.92,NA,3,2.155,0.765,NA,NA
NA,Spike Grenades,Rapid Fire,NA,150,15055,21915,"27,394",NA,8.73,131490,43830,5,18,8766,8766,NA,3.66,NA,3,1.967,1.693,NA,NA
NA,Spike Grenades,Rapid Fire,NA,150,16876,24570,"30,713",NA,8.74,147420,49140,5,18,9828,9828,NA,3.66,NA,3,1.968,1.692,NA,NA
NA,Spike Grenades,Prospector,NA,165,23333,29059,"33,211",NA,7.25,169072,84536,8,15,10567,10567,NA,4,NA,2,2.155,1.845,NA,NA
NA,x20 Averaged,Parasite,NA,120,22720,NA,------,NA,12.93,293776,41968,1,7,41968,41968,NA,3.17,NA,7,2.155,1.01,NA,NA
NA,x20 Averaged,The Colony,NA,140,15593,18965,"22,126",NA,7.3,113792,56896,7,18,8128,8128,NA,2.79,NA,2,2.155,0.635,NA,NA
NA,x20 Averaged,Anarchy,NA,150,NA,6418,<--,NA,60,385080,192540,6,16,32090,32090,NA,NA,NA,2,2.155,0,NA,NA
NA,Rocket Launcher,Adaptive,NA,51,15805,NA,------,NA,13.8,218113,31159,1,7,31159,31159,NA,3.17,NA,7,2.3,0.87,NA,NA
NA,Rocket Launcher,Aggressive,NA,52,15805,NA,------,NA,13.8,218113,31159,1,7,31159,31159,NA,3,NA,7,2.3,0.7,NA,NA
NA,w/ Impact Casing,Aggressive,NA,52,15981,NA,------,NA,13.8,220535,31505,1,7,31505,31505,NA,3,NA,7,2.3,0.7,NA,NA
NA,w/ Impact Casing,High Impact,NA,47,14368,NA,------,NA,13.8,198282,28326,1,7,28326,28326,NA,3.3299999999999996,NA,7,2.3,1.03,NA,NA
NA,w/ Impact Casing,Hakke Precision,NA,42,13091,NA,------,NA,13.8,180656,25808,1,7,25808,25808,NA,3.62,NA,7,2.3,1.32,NA,NA
NA,w/ Catalyst,Gjallarhorn,NA,45,23312,NA,NA,NA,8.6,200484,66828,2,7,33414,33414,NA,2.8699999999999997,NA,3,2.3,0.573,NA,NA
NA,w/ Catalyst,Wardcliff Coil,NA,60,14440,NA,------,NA,15.7,226704,37784,1,6,37784,37784,NA,3.4,NA,6,2.3,1.1,NA,NA
NA,w/ Catalyst,Eyes of Tomorrow,NA,20,15401,NA,------,NA,22.1,340368,42546,1,8,42546,42546,NA,2.79,NA,8,2.3,0.49,NA,NA
NA,Max (Cata),Deathbringer,NA,15,31129,NA,------,NA,13.8,429583,61369,1,7,61369,61369,NA,2.9,NA,7,2.3,0,NA,NA
NA,Max (Cata),Truth,NA,45,17322,NA,------,NA,7.63,132222,66111,3,7,22037,22037,NA,3.25,NA,2,2.3,0.95,NA,NA
NA,Max (Cata),Two Tailed Fox,NA,40,16500,NA,------,NA,18.55,306072,38259,1,8,38259,38259,NA,3.3,NA,8,2.3,1,NA,NA
NA,Machine Gun,High Impact Frame,NA,360,7125,9522,"9,725",NA,53.45,380880,76176,48,252,1130,1587,NA,5.08,NA,5,3.572,1.508,NA,NA
NA,Machine Gun,Adaptive,NA,450,7759,10313,"10,493",NA,41.12,319000,79750,58,240,979,1375,NA,4.619999999999999,NA,4,3.572,1.048,NA,NA
NA,Machine Gun,Rapid Fire,NA,900,8818,11820,"11,937",NA,27.34,241128,80376,102,389,607,788,NA,5.1,NA,3,3.572,1.528,NA,NA
NA,Machine Gun,Xenophage,NA,120,17615,21100,"22,858",NA,15.57,274300,137150,13,28,10550,10550,NA,5.2700000000000005,NA,2,3.572,1.698,NA,NA
NA,Machine Gun,Grand Overture,NA,100,9575,10997,"11,575",NA,41.34,395880,131960,20,60,6598,6598,NA,4.609999999999999,NA,3,3.572,1.041,NA,NA
NA,Machine Gun,Heir Apparent,NA,900,14602,16485,"16,568",NA,30.11,439600,219800,200,500,912,1099,NA,4.83,NA,2,3.572,1.258,NA,NA
NA,Fully Spooled,Thunderlord,NA,590,11163,15379,"15,631",NA,26.06,290904,96968,62,220,979,1564,NA,4.52,NA,3,3.572,0.948,NA,NA
NA,Linear Fusion,Precision,NA,60,14979,17844,"22,305",NA,23.83,356880,89220,5,21,5186,17844,NA,2.27,NA,4,1.275,0.995,NA,NA
NA,Linear Fusion,Aggressive,NA,41,15559,17367,"21,708",NA,24.5,381218,127073,5,19,7386,25415,NA,2.5,NA,3,1.275,1.225,NA,NA
NA,Marksman Sights,The Queenbreaker,NA,55,15182,17844,"22,305",NA,25.64,389320,97330,5,21,5657,19466,NA,1.98,NA,4,1.275,0.705,NA,NA
NA,Combat Sights,The Queenbreaker,NA,75,14183,17574,"21,967",NA,19.83,281180,70295,5,21,4086,14059,NA,1.98,NA,4,1.275,0.705,NA,NA
NA,Combat Sights,Sleeper Simulant,NA,39,19475,21493,"28,657",NA,13.58,264528,132264,4,11,22184,33066,NA,2.25,NA,2,1.275,0.975,NA,NA
NA,w/ Catalyst,Sleeper Simulant,NA,46,21799,25351,"33,801",NA,18.2,396792,132264,4,13,22184,33066,NA,2.25,NA,3,1.275,0.975,NA,NA
NA,Misc.,One Thousand Voices,NA,32,16556,17991,"23,987",NA,16.52,273456,136728,4,7,34182,34182,NA,2.3,NA,2,1.317,0.983,NA,NA
NA,w/ Catalyst,Leviathan's Breath,NA,35,NA,18152,<--,NA,25.71,466763,31118,1,15,26272,31118,NA,NA,NA,15,2.3,0,NA,NA
NA,w/ Catalyst,Whisper of the Worm,NA,72,19892,19892,"21,063",NA,20,397848,49731,3,18,3512,16577,NA,0,NA,6,0,0,NA,NA
NA,Personal Assistant,DARCI,NA,140,18383,22836,"26,642",NA,11.18,205527,68509,7,23,2240,9787,NA,2.67,NA,3,1.733,0.937,NA,NA
NA,Shotgun,Legend of Acrius,NA,55,25232,25232,"25,232",NA,8.12,247730,49546,2,10,24773,24773,NA,1.11,NA,5,1.11,0,NA,NA
NA,w/ Catalyst,Tractor Cannon,NA,80,12200,12653,"14,762",NA,10.89,132860,66430,7,17,NA,9490,NA,3.15,NA,2,1.89,1.26,NA,NA
NA,After Debuff,Tractor Cannon,NA,80,15862,16451,"19,192",NA,10.89,172732,86366,7,17,NA,12338,NA,3.15,NA,2,1.89,1.26,NA,NA
